{"cameraMode":{"drawMode":0,"name":"Shaded","section":"Shading Mode"},"sceneLighting":true,"audioPlay":false,"sceneViewState":{"showFog":true,"showMaterialUpdate":true,"showSkybox":true,"showFlares":true,"showImageEffects":true,"showParticleSystems":true},"in2DMode":false,"pivot":{"x":36.320350646972659,"y":-0.11022520065307617,"z":0.7221952676773071},"rotation":{"x":-0.519829273223877,"y":-0.024339748546481134,"z":-0.014819145202636719,"w":0.8537946939468384},"size":0.8015102744102478,"orthographic":false}